id,etruscan_word,etruscan_normalized,meaning_proposed,full_match,context_before,context_after,pattern_confidence,overall_score,status,reviewer_notes
6,tibicines,tibicines,,ita dicunt tibicines Tusci,"atibus eius inveni. Apud Ennium: Subulo quondam marinas propter astabat plagas. Subulo dictus, quod",": quocirca radices eius in Etruria, non Latio quaerundae. Versibus quos olim Fauni vatesque canebant",0.9,,reviewing,Needs review: 0.65
16,autem,autem,,autem vocatur quod,"solitoÝ, id est firmo atque solido nominata. [vel ex eo, quod soleat fieri in anno.] [2] Celebritas","non ibi terrena, sed caelestia tantum agantur. [3] Pascha festivitatum omnium prima est, de cuius v",0.75,,reviewing,Needs review: 0.66
20,Spes,spes,,Spes vocata quod,"o quod fit illud quod inter utrosque placitum est, quasi inter Deum et hominem; hinc et foedus. [5]","sit pes progrediendi, quasi 'est pes.' Vnde et e contrario desperatio. Deest enim ibi pes, nullaque",0.75,,reviewing,Needs review: 0.69
22,Iscurra,iscurra,,Iscurra vocatur quia,"152] Investis, id est sine veste; nondum enim habet stolam; quod est signum maritalis virginitatis.","causa escae quempiam consectatur. K [153] Katholicus, universalis: Graecum enim est. Karus Graecum",0.75,,reviewing,Needs review: 0.71
23,Sicarius,sicarius,,Sicarius vocatur quia,"et asperi. Scrupo est enim arena durior. Sacrilegus dicitur ab eo quod sacra legit, id est furatur.","ad perpetrandum scelus telis armatus est. Sica enim gladius est, a secando vocatus. [253] Scaevus,",0.75,,reviewing,Needs review: 0.73
40,Hispaniae,hispaniae,,Hispaniae dicta quod,"is angulosa, gignens laetissima pabula et lapidem quem catochiten Graeci vocant. [43] Ebosus insula","a Zanio non procul sit, quasi abozus; nam septuaginta stadiis ab ea distat. Cuius terram serpentes",0.7,,reviewing,Needs review: 0.67
44,Cella,cella,,Cella dicta quod,". KLINE enim Graece lectus vel adcubitus dicitur, ex quo confectum est ut triclinium diceretur. [9]","nos occultat et celat. Cubiculum vero, quod eo cubamus ibique dormientes requiescimus. Cubile autem",0.7,,reviewing,Needs review: 0.67
64,Arista,arista,,Arista appellata quod,"per culmi folliculum, id est extremum tumorem, aristae adhuc tenues in modum spiculi eminent. [16]",prius ipsa arescat. Culmus est ipse calamus spicae qui a radicibus nascitur: et dictus culmus quasi,0.7,,reviewing,Needs review: 0.74
75,Alnus,alnus,,Alnus vocatur quod,oloribus inpar. [41] Robur autem generaliter dicitur ex omni materia quidquid est firmissimum. [42],"alatur amne; proxime enim aquae nascitur, nec facile extra undas vivit. Hinc [et] tenera et mollis,",0.75,,reviewing,Needs review: 0.71
140,Arca,arca,,Arca dicta quod,"a Persa et Graeca; gaza enim lingua Persarum thesaurum, FULAKION Graece custodia interpretatur. [2]","arceat visum atque prohibeat. Hinc et arcivum, hinc et arcanum, id est secretum, unde ceteri arcent",0.7,,reviewing,Needs review: 0.69
145,Clavis,clavis,,Clavis dicta quod,adhibita calefacit et intorquet capillos. [5] Vnde et calamistrati appellantur qui comam torquent.,"claudat et aperiat. Catenatum, quod capiendo teneat. Horologia, quod ibi horas legamus, id est coll",0.7,,reviewing,Needs review: 0.72
151,Arca,arca,,Arca dicta quod,"a Persa et Graeca; gaza enim lingua Persarum thesaurum, FULAKION Graece custodia interpretatur. [2]","arceat visum atque prohibeat. Hinc et arcivum, hinc et arcanum, id est secretum, unde ceteri arcent",0.7,,reviewing,Needs review: 0.69
154,Clavis,clavis,,Clavis dicta quod,adhibita calefacit et intorquet capillos. [5] Vnde et calamistrati appellantur qui comam torquent.,"claudat et aperiat. Catenatum, quod capiendo teneat. Horologia, quod ibi horas legamus, id est coll",0.7,,reviewing,Needs review: 0.72
176,captam,captam,,captam ab Etruscis,successores Valerio in Volscos missi. Profecti ab urbe Sutrium Furius et Valerius partem oppidi iam,"invenere, ex parte altera intersaeptis itineribus aegre oppidanos vim hostium ab se arcentes. Cum R",0.75,,reviewing,Needs review: 0.65
182,omne,omne,,omne nomen Etruscum,"everterunt, militaribus iocis cum apparatum hostium tum suum increpantes pavorem. Concitatur deinde",et Tarquiniensibus Faliscisque ducibus ad Salinas perveniunt. Aduersus eum terrorem dictator C. Mar,0.8,,reviewing,Needs review: 0.66
201,rebus,rebus,,rebus in Etruria,"i extra sortem mandetur, quin alter consul pro supervacaneo atque inutili habeatur? gloriari Fabium","gestis; velle et P. Decium gloriari; et forsitan, quem ille obrutum ignem reliquerit, ita ut totien",0.7,,reviewing,Needs review: 0.68
236,Terentius,terentius,,Terentius in Etruria,"essent, quattuor Hispania haberet, binas tres praetores, in Sicilia et Sardinia et Gallia, duas C.",", duas Q. Fuluius in Bruttiis, duas Q. Claudius circa Tarentum et Sallentinos, unam C. Hostilius Tub",0.7,,reviewing,Needs review: 0.66
254,omnis,omnis,,omnis appellatur A,"a. quae per populos pagosque amplos diffusa quondam et copiosa, ad unum concessit vocabulum et nunc","ssyria, ubi inter bacarum vulgariumque abundantiam frugum bitumen nascitur prope lacum nomine Sosing",0.7,,reviewing,Needs review: 0.70
269,prius,prius,,prius dictum est quod,"ici, secundum Rabbi Moysen, quod ubicumque dicitur vocavit, significatur aequivocatio nominis. Unde","vocavit lucem, Diem: propter hoc quod etiam dies vocatur spatium vigintiquatuor horarum, secundum q",0.7,,reviewing,Needs review: 0.75
293,certe,certe,,certe in Etruria,"s auctoritas? Nobiscum nec animo certe est nec corpore. Si autem aut domi est aut non longe a domo,","est, id est in via. Quis igitur mihi praestat Lentonem uno capite esse contentum? Dic mihi praetere",0.7,,reviewing,Needs review: 0.66
306,capta,capta,,capta ab Etruscis,"is contraxit aciem et sine iactura suorum cecidit aversos. Cn. Manlius consul, cum ex acie reversus","Romanorum castra invenisset, omnibus portis statione circumdatis inclusos hostes in eam rabiem effe",0.75,,reviewing,Needs review: 0.68
318,Iscurra,iscurra,,Iscurra vocatur quia,"152] Investis, id est sine veste; nondum enim habet stolam; quod est signum maritalis virginitatis.","causa escae quempiam consectatur. K [153] Katholicus, universalis: Graecum enim est. Karus Graecum",0.75,,reviewing,Needs review: 0.71
319,Sicarius,sicarius,,Sicarius vocatur quia,"et asperi. Scrupo est enim arena durior. Sacrilegus dicitur ab eo quod sacra legit, id est furatur.","ad perpetrandum scelus telis armatus est. Sica enim gladius est, a secando vocatus. [253] Scaevus,",0.75,,reviewing,Needs review: 0.73
336,Hispaniae,hispaniae,,Hispaniae dicta quod,"is angulosa, gignens laetissima pabula et lapidem quem catochiten Graeci vocant. [43] Ebosus insula","a Zanio non procul sit, quasi abozus; nam septuaginta stadiis ab ea distat. Cuius terram serpentes",0.7,,reviewing,Needs review: 0.67
340,Cella,cella,,Cella dicta quod,". KLINE enim Graece lectus vel adcubitus dicitur, ex quo confectum est ut triclinium diceretur. [9]","nos occultat et celat. Cubiculum vero, quod eo cubamus ibique dormientes requiescimus. Cubile autem",0.7,,reviewing,Needs review: 0.67
360,Arista,arista,,Arista appellata quod,"per culmi folliculum, id est extremum tumorem, aristae adhuc tenues in modum spiculi eminent. [16]",prius ipsa arescat. Culmus est ipse calamus spicae qui a radicibus nascitur: et dictus culmus quasi,0.7,,reviewing,Needs review: 0.74
371,Alnus,alnus,,Alnus vocatur quod,oloribus inpar. [41] Robur autem generaliter dicitur ex omni materia quidquid est firmissimum. [42],"alatur amne; proxime enim aquae nascitur, nec facile extra undas vivit. Hinc [et] tenera et mollis,",0.75,,reviewing,Needs review: 0.71
437,Arca,arca,,Arca dicta quod,"a Persa et Graeca; gaza enim lingua Persarum thesaurum, FULAKION Graece custodia interpretatur. [2]","arceat visum atque prohibeat. Hinc et arcivum, hinc et arcanum, id est secretum, unde ceteri arcent",0.7,,reviewing,Needs review: 0.69
442,Clavis,clavis,,Clavis dicta quod,adhibita calefacit et intorquet capillos. [5] Vnde et calamistrati appellantur qui comam torquent.,"claudat et aperiat. Catenatum, quod capiendo teneat. Horologia, quod ibi horas legamus, id est coll",0.7,,reviewing,Needs review: 0.72
453,autem,autem,,autem vocatur quod,"solito›, id est firmo atque solido nominata. [vel ex eo, quod soleat fieri in anno.] [2] Celebritas","non ibi terrena, sed caelestia tantum agantur. [3] Pascha festivitatum omnium prima est, de cuius v",0.75,,reviewing,Needs review: 0.66
457,Spes,spes,,Spes vocata quod,"o quod fit illud quod inter utrosque placitum est, quasi inter Deum et hominem; hinc et foedus. [5]","sit pes progrediendi, quasi 'est pes.' Vnde et e contrario desperatio. Deest enim ibi pes, nullaque",0.75,,reviewing,Needs review: 0.69
495,rebus,rebus,,rebus in Etruria,"i extra sortem mandetur, quin alter consul pro superuacaneo atque inutili habeatur? gloriari Fabium","gestis; uelle et P. Decium gloriari; et forsitan, quem ille obrutum ignem reliquerit, ita ut totien",0.7,,reviewing,Needs review: 0.68
531,Terentius,terentius,,Terentius in Etruria,"essent, quattuor Hispania haberet, binas tres praetores, in Sicilia et Sardinia et Gallia, duas C.",", duas Q. Fuluius in Bruttiis, duas Q. Claudius circa Tarentum et Sallentinos, unam C. Hostilius Tub",0.7,,reviewing,Needs review: 0.66
557,captam,captam,,captam ab Etruscis,successores Valerio in Volscos missi. Profecti ab urbe Sutrium Furius et Valerius partem oppidi iam,"inuenere, ex parte altera intersaeptis itineribus aegre oppidanos uim hostium ab se arcentes. Cum R",0.75,,reviewing,Needs review: 0.65
561,omne,omne,,omne nomen Etruscum,"euerterunt, militaribus iocis cum apparatum hostium tum suum increpantes pauorem. Concitatur deinde",et Tarquiniensibus Faliscisque ducibus ad Salinas perueniunt. Aduersus eum terrorem dictator C. Mar,0.8,,reviewing,Needs review: 0.66
574,Marcellus,marcellus,,Marcellus in Etruria,Tuditanus in Hispania citeriore bello oppressus cum omni exercitu Romano interfectus est; 11 consul,a Bois oppressus magnam partem exercitus perdidit; cui postea Furius alter consul auxilio accessit:,0.7,,reviewing,Needs review: 0.68
578,Marcellus,marcellus,,Marcellus in Etruria,", Cremonam Placentiamque uastantes difficillimo bello a Lucio Fuluio praetore superati sunt. Consul",a Boiis oppressus magnam partem exercitus perdidit; cui postea Furius alter consul auxilio accessit,0.7,,reviewing,Needs review: 0.68
583,Tarentinus,tarentinus,,Tarentinus appellatur ab,"uerit. [99] Conectitur secunda regio amplexa Hirpinos, Calabriam, Apuliam, Sallentinos,CCL sinu qui","oppido Laconum — in recessu hoc intimo situm, contributa eo maritima colonia, quae ibi fuerat, abes",0.7,,reviewing,Needs review: 0.65
588,miles,miles,,miles ab Etruscis,"ervabis amores, formosum ni vis perdere rursus Hylan. XXI Tu, qui consortem properas evadere casum,","saucius aggeribus, quid nostro gemitu turgentia lumina torques? pars ego sum vestrae proxima militi",0.75,,reviewing,Needs review: 0.67
613,tibicines,tibicines,,ita dicunt tibicines Tusci,"atibus eius inveni. Apud Ennium: Subulo quondam marinas propter astabat plagas. Subulo dictus, quod",": quocirca radices eius in Etruria, non Latio quaerundae. Versibus quos olim Fauni vatesque canebant",0.9,,reviewing,Needs review: 0.65
631,tibicines,tibicines,,ita dicunt tibicines Tusci,"atibus eius inveni. Apud Ennium: Subulo quondam marinas propter astabat plagas. Subulo dictus, quod",": quocirca radices eius in Etruria, non Latio quaerundae. Versibus quos olim Fauni vatesque canebant",0.9,,reviewing,Needs review: 0.65
689,Arista,arista,,Arista appellata quod,"per culmi folliculum, id est extremum tumorem, aristae adhuc tenues in modum spiculi eminent. [16]",prius ipsa arescat. Culmus est ipse calamus spicae qui a radicibus nascitur: et dictus culmus quasi,0.7,,reviewing,Needs review: 0.65
700,Alnus,alnus,,Alnus vocatur quod,oloribus inpar. [41] Robur autem generaliter dicitur ex omni materia quidquid est firmissimum. [42],"alatur amne; proxime enim aquae nascitur, nec facile extra undas vivit. Hinc [et] tenera et mollis,",0.75,,reviewing,Needs review: 0.69
801,captam,captam,,captam ab Etruscis,successores Valerio in Volscos missi. Profecti ab urbe Sutrium Furius et Valerius partem oppidi iam,"invenere, ex parte altera intersaeptis itineribus aegre oppidanos vim hostium ab se arcentes. Cum R",0.75,,reviewing,Needs review: 0.68
883,tibicines,tibicines,,ita dicunt tibicines Tusci,"atibus eius inveni. Apud Ennium: Subulo quondam marinas propter astabat plagas. Subulo dictus, quod",": quocirca radices eius in Etruria, non Latio quaerundae. Versibus quos olim Fauni vatesque canebant",0.9,,reviewing,Needs review: 0.65
941,Arista,arista,,Arista appellata quod,"per culmi folliculum, id est extremum tumorem, aristae adhuc tenues in modum spiculi eminent. [16]",prius ipsa arescat. Culmus est ipse calamus spicae qui a radicibus nascitur: et dictus culmus quasi,0.7,,reviewing,Needs review: 0.65
952,Alnus,alnus,,Alnus vocatur quod,oloribus inpar. [41] Robur autem generaliter dicitur ex omni materia quidquid est firmissimum. [42],"alatur amne; proxime enim aquae nascitur, nec facile extra undas vivit. Hinc [et] tenera et mollis,",0.75,,reviewing,Needs review: 0.69
1053,captam,captam,,captam ab Etruscis,successores Valerio in Volscos missi. Profecti ab urbe Sutrium Furius et Valerius partem oppidi iam,"invenere, ex parte altera intersaeptis itineribus aegre oppidanos vim hostium ab se arcentes. Cum R",0.75,,reviewing,Needs review: 0.68
1131,omnis,omnis,,omnis appellatur A,"a. quae per populos pagosque amplos diffusa quondam et copiosa, ad unum concessit vocabulum et nunc","ssyria, ubi inter bacarum vulgariumque abundantiam frugum bitumen nascitur prope lacum nomine Sosing",0.7,,reviewing,Needs review: 0.65
1146,prius,prius,,prius dictum est quod,"ici, secundum Rabbi Moysen, quod ubicumque dicitur vocavit, significatur aequivocatio nominis. Unde","vocavit lucem, Diem: propter hoc quod etiam dies vocatur spatium vigintiquatuor horarum, secundum q",0.7,,reviewing,Needs review: 0.69
1183,capta,capta,,capta ab Etruscis,"is contraxit aciem et sine iactura suorum cecidit aversos. Cn. Manlius consul, cum ex acie reversus","Romanorum castra invenisset, omnibus portis statione circumdatis inclusos hostes in eam rabiem effe",0.75,,reviewing,Needs review: 0.67
1237,Arista,arista,,Arista appellata quod,"per culmi folliculum, id est extremum tumorem, aristae adhuc tenues in modum spiculi eminent. [16]",prius ipsa arescat. Culmus est ipse calamus spicae qui a radicibus nascitur: et dictus culmus quasi,0.7,,reviewing,Needs review: 0.65
1248,Alnus,alnus,,Alnus vocatur quod,oloribus inpar. [41] Robur autem generaliter dicitur ex omni materia quidquid est firmissimum. [42],"alatur amne; proxime enim aquae nascitur, nec facile extra undas vivit. Hinc [et] tenera et mollis,",0.75,,reviewing,Needs review: 0.69
1434,captam,captam,,captam ab Etruscis,successores Valerio in Volscos missi. Profecti ab urbe Sutrium Furius et Valerius partem oppidi iam,"inuenere, ex parte altera intersaeptis itineribus aegre oppidanos uim hostium ab se arcentes. Cum R",0.75,,reviewing,Needs review: 0.68
1465,miles,miles,,miles ab Etruscis,"ervabis amores, formosum ni vis perdere rursus Hylan. XXI Tu, qui consortem properas evadere casum,","saucius aggeribus, quid nostro gemitu turgentia lumina torques? pars ego sum vestrae proxima militi",0.75,,reviewing,Needs review: 0.67
1490,tibicines,tibicines,,ita dicunt tibicines Tusci,"atibus eius inveni. Apud Ennium: Subulo quondam marinas propter astabat plagas. Subulo dictus, quod",": quocirca radices eius in Etruria, non Latio quaerundae. Versibus quos olim Fauni vatesque canebant",0.9,,reviewing,Needs review: 0.65
1504,omnis,omnis,,omnis appellatur A,"a. quae per populos pagosque amplos diffusa quondam et copiosa, ad unum concessit vocabulum et nunc","ssyria, ubi inter bacarum vulgariumque abundantiam frugum bitumen nascitur prope lacum nomine Sosing",0.7,,reviewing,Needs review: 0.65
1519,prius,prius,,prius dictum est quod,"ici, secundum Rabbi Moysen, quod ubicumque dicitur vocavit, significatur aequivocatio nominis. Unde","vocavit lucem, Diem: propter hoc quod etiam dies vocatur spatium vigintiquatuor horarum, secundum q",0.7,,reviewing,Needs review: 0.69
1556,capta,capta,,capta ab Etruscis,"is contraxit aciem et sine iactura suorum cecidit aversos. Cn. Manlius consul, cum ex acie reversus","Romanorum castra invenisset, omnibus portis statione circumdatis inclusos hostes in eam rabiem effe",0.75,,reviewing,Needs review: 0.67
1610,Arista,arista,,Arista appellata quod,"per culmi folliculum, id est extremum tumorem, aristae adhuc tenues in modum spiculi eminent. [16]",prius ipsa arescat. Culmus est ipse calamus spicae qui a radicibus nascitur: et dictus culmus quasi,0.7,,reviewing,Needs review: 0.65
1621,Alnus,alnus,,Alnus vocatur quod,oloribus inpar. [41] Robur autem generaliter dicitur ex omni materia quidquid est firmissimum. [42],"alatur amne; proxime enim aquae nascitur, nec facile extra undas vivit. Hinc [et] tenera et mollis,",0.75,,reviewing,Needs review: 0.69
1807,captam,captam,,captam ab Etruscis,successores Valerio in Volscos missi. Profecti ab urbe Sutrium Furius et Valerius partem oppidi iam,"inuenere, ex parte altera intersaeptis itineribus aegre oppidanos uim hostium ab se arcentes. Cum R",0.75,,reviewing,Needs review: 0.68
1839,miles,miles,,miles ab Etruscis,"ervabis amores, formosum ni vis perdere rursus Hylan. XXI Tu, qui consortem properas evadere casum,","saucius aggeribus, quid nostro gemitu turgentia lumina torques? pars ego sum vestrae proxima militi",0.75,,reviewing,Needs review: 0.67
1864,tibicines,tibicines,,ita dicunt tibicines Tusci,"atibus eius inveni. Apud Ennium: Subulo quondam marinas propter astabat plagas. Subulo dictus, quod",": quocirca radices eius in Etruria, non Latio quaerundae. Versibus quos olim Fauni vatesque canebant",0.9,,reviewing,Needs review: 0.65
1882,tibicines,tibicines,,ita dicunt tibicines Tusci,"atibus eius inveni. Apud Ennium: Subulo quondam marinas propter astabat plagas. Subulo dictus, quod",": quocirca radices eius in Etruria, non Latio quaerundae. Versibus quos olim Fauni vatesque canebant",0.9,,reviewing,Needs review: 0.65
1940,Arista,arista,,Arista appellata quod,"per culmi folliculum, id est extremum tumorem, aristae adhuc tenues in modum spiculi eminent. [16]",prius ipsa arescat. Culmus est ipse calamus spicae qui a radicibus nascitur: et dictus culmus quasi,0.7,,reviewing,Needs review: 0.65
1951,Alnus,alnus,,Alnus vocatur quod,oloribus inpar. [41] Robur autem generaliter dicitur ex omni materia quidquid est firmissimum. [42],"alatur amne; proxime enim aquae nascitur, nec facile extra undas vivit. Hinc [et] tenera et mollis,",0.75,,reviewing,Needs review: 0.69
2052,captam,captam,,captam ab Etruscis,successores Valerio in Volscos missi. Profecti ab urbe Sutrium Furius et Valerius partem oppidi iam,"invenere, ex parte altera intersaeptis itineribus aegre oppidanos vim hostium ab se arcentes. Cum R",0.75,,reviewing,Needs review: 0.68
2131,omnis,omnis,,omnis appellatur A,"a. Quae per populos pagosque amplos diffusa quondam et copiosa, ad unum concessit vocabulum et nunc","ssyria, ubi inter bacarum vulgariumque abundantiam frugum bitumen nascitur prope lacum nomine Sosing",0.7,,reviewing,Needs review: 0.65
2138,capta,capta,,capta ab Etruscis,"contraxit aciem et sine iactura suorum cecidit aversos. 7 Cn. Manlius consul, cum ex acie reversus","Romanorum castra invenisset, omnibus portis statione circumdatis inclusos hostes in eam rabiem effe",0.75,,reviewing,Needs review: 0.67
2189,omnis,omnis,,omnis appellatur A,". Quae per populos pagosque amplos diffusa quondam et copiosos, ad unum concessit vocabulum et nunc","ssyria, ubi inter bacarum vulgariumque abundantiam frugum, bitumen nascitur prope lacum nomine Sosin",0.7,,reviewing,Needs review: 0.65
2235,captam,captam,,captam ab Etruscis,successores Valerio in Volscos missi. profecti ab urbe Sutrium Furius et Valerius partem oppidi iam,"invenere, ex parte altera intersaeptis itineribus aegre oppidanos vim hostium ab se arcentes. cum R",0.75,,reviewing,Needs review: 0.68
2353,captam,captam,,captam ab Etruscis,successores Ualerio in Uolscos missi. profecti ab urbe Sutrium Furius et Ualerius partem oppidi iam,"inuenere, ex parte altera intersaeptis itineribus aegre oppidanos uim hostium ab se arcentes. cum R",0.75,,reviewing,Needs review: 0.68
2448,capta,capta,,capta ab Etruscis,"Thebanus, securi percussus 45.31 . Necrotes 37.40 . Nepessnus ager 5.19 . 26.34 . Nepete urbs 6.9 .",", recepta ab Romanis. ibid. et 10 . Nepesinorum deditionis auctores securi percussi, ibid. coloniae",0.75,,reviewing,Needs review: 0.71
2451,sumta,sumta,,ab Etruscis sumta,"mitur, ibid. Selinus oppidum Ciliciae 33.20 . Sella curulis 1.8 . 2.54 . 5.41 . 7.1 . 10.7 . 25.5 .","1.8 . dono missa Masinissae 31.11 . Eumeni 42.14 . sella eburnea dono missa regi Syphaci 27.4 , sel",0.7,,reviewing,Needs review: 0.66
2474,captam,captam,,captam ab Etruscis,successores Valerio in Volscos missi. profecti ab urbe Sutrium Furius et Valerius partem oppidi iam,"invenere, ex parte altera intersaeptis itineribus aegre oppidanos vim hostium ab se arcentes. cum R",0.75,,reviewing,Needs review: 0.68
2644,miles,miles,,miles ab Etruscis,"us servabis amores, formosum ni vis perdere rursus Hylan. Tu, qui consortem properas evadere casum,","saucius aggeribus, quid nostro gemitu turgentia lumina torques? pars ego sum vestrae proxima militi",0.75,,reviewing,Needs review: 0.67
2669,Mercurius,mercurius,,Mercurius Etrusca lingua,"ositum est : ministros enim et ministras inpuberes camillos et camillas in sacris vocabant, unde et","Camillus dicitur, quasi minister deorum. in sacris tamen legitur posse etiam opera consecrari ex se",0.9,,reviewing,Needs review: 0.71
