id,etruscan_word,meaning,source_author,source_work,source_citation,source_quote,reliability,is_seed,notes
1,aisar,dei / dio,Suetonius,,,aesar... etrusca lingua deus,5,1,
2,aesar,dei / dio,Suetonius,,,aesar... etrusca lingua deus,5,1,
3,ais,dei / dio,Suetonius,,,aesar... etrusca lingua deus,5,1,
4,acaletur,ragazzo,Glossa greca,,,,3,1,
5,acalethur,ragazzo,Glossa greca,,,,3,1,
6,acerra,scatola per incenso,Latino,,,,4,1,
7,acila,"ancella, serva",Latino `ancilla`,,,,3,1,
8,aclxn,"affilato, acuto",Latino `acutum,,,,3,1,
9,alfa,"bianco, brillante",Latino `alba`,,,,3,1,
10,alumnuathe,figlio adottivo,Latino `alumnus`,,,,3,1,
11,balteus,cintura per spada,Romano,,,,4,1,
12,dorsum,"schiena, dorso",Latino,,,,5,1,
13,familia,"famiglia, casa",Latino,,,,5,1,
14,histrio,attore,Latino,,,,5,1,
15,hister,attore,Latino,,,,5,1,
16,iiulathil,"lamentare, piangere",Confronto con latino `ululare`,,,,3,1,
17,iiul,"lamentare, piangere",Confronto con latino `ululare`,,,,3,1,
18,lacerna,mantello,Latino,,,,4,1,
19,lachrimae,lacrime,Latino,,,,3,1,
20,laniena,macelleria,Latino,,,,3,1,
21,lanista,allenatore di gladiatori,Latino,,,,5,1,
22,lanterna,"lampada, torcia",Latino,,,,5,1,
23,lepista,vaso per bere,Latino,,,,3,1,
24,litterae,"scrittura, lettere",Latino via etrusco,,,,4,1,
25,lua,"ostacolo, dissolutezza",Latino,,,,5,1,
26,ludia,"gladiatrice/attore, gladiatore",Latino,,,,4,1,
27,ludio,"gladiatrice/attore, gladiatore",Latino,,,,4,1,
28,ludus,giochi pubblici,Latino,,,,5,1,
29,"miles, militis",soldato,Latino,,,,2,1,
30,mulier,donna,Latino,,,,2,1,
31,persona,"persona, maschera",Latino,,,,5,1,
32,plumbum,piombo,Latino,,,,2,1,
33,pômum,"mela, frutto",Latino,,,,4,1,
34,populus,popolo,Latino,,,,5,1,
35,rosa,rosa,Latino via etrusco,,,,3,1,
36,vacal,"libagione, offerta, augure",Correlazioni con sanscrito `ohati`,,,,3,1,
37,vacil,"libagione, offerta, augure",Correlazioni con sanscrito `ohati`,,,,3,1,
38,vacl,"libagione, offerta, augure",Correlazioni con sanscrito `ohati`,,,,3,1,
39,vacerra,"palo, tronco",Latino,,,,3,1,
40,vale,"essere forte, valido",Correlato con latino `valere`,,,,3,1,
41,vanva,"vuoto, vano",Correlato con latino `vanus`,,,,5,1,
42,vas,vaso,Correlato con latino `vâs`,,,,3,1,
43,vecene,conquistare,Correlato con latino `vicere`,,,,5,1,
44,aisar,dei / dio,Suetonius,,,aesar... etrusca lingua deus,5,1,
45,aesar,dei / dio,Suetonius,,,aesar... etrusca lingua deus,5,1,
46,ais,dei / dio,Suetonius,,,aesar... etrusca lingua deus,5,1,
47,acaletur,ragazzo,Glossa greca,,,,3,1,
48,acalethur,ragazzo,Glossa greca,,,,3,1,
49,acerra,scatola per incenso,Latino,,,,4,1,
50,acila,"ancella, serva",Latino `ancilla`,,,,3,1,
51,aclxn,"affilato, acuto",Latino `acutum,,,,3,1,
52,alfa,"bianco, brillante",Latino `alba`,,,,3,1,
53,alumnuathe,figlio adottivo,Latino `alumnus`,,,,3,1,
54,balteus,cintura per spada,Romano,,,,4,1,
55,dorsum,"schiena, dorso",Latino,,,,5,1,
56,familia,"famiglia, casa",Latino,,,,5,1,
57,histrio,attore,Latino,,,,5,1,
58,hister,attore,Latino,,,,5,1,
59,iiulathil,"lamentare, piangere",Confronto con latino `ululare`,,,,3,1,
60,iiul,"lamentare, piangere",Confronto con latino `ululare`,,,,3,1,
61,lacerna,mantello,Latino,,,,4,1,
62,lachrimae,lacrime,Latino,,,,3,1,
63,laniena,macelleria,Latino,,,,3,1,
64,lanista,allenatore di gladiatori,Latino,,,,5,1,
65,lanterna,"lampada, torcia",Latino,,,,5,1,
66,lepista,vaso per bere,Latino,,,,3,1,
67,litterae,"scrittura, lettere",Latino via etrusco,,,,4,1,
68,lua,"ostacolo, dissolutezza",Latino,,,,5,1,
69,ludia,"gladiatrice/attore, gladiatore",Latino,,,,4,1,
70,ludio,"gladiatrice/attore, gladiatore",Latino,,,,4,1,
71,ludus,giochi pubblici,Latino,,,,5,1,
72,"miles, militis",soldato,Latino,,,,2,1,
73,mulier,donna,Latino,,,,2,1,
74,persona,"persona, maschera",Latino,,,,5,1,
75,plumbum,piombo,Latino,,,,2,1,
76,pômum,"mela, frutto",Latino,,,,4,1,
77,populus,popolo,Latino,,,,5,1,
78,rosa,rosa,Latino via etrusco,,,,3,1,
79,vacal,"libagione, offerta, augure",Correlazioni con sanscrito `ohati`,,,,3,1,
80,vacil,"libagione, offerta, augure",Correlazioni con sanscrito `ohati`,,,,3,1,
81,vacl,"libagione, offerta, augure",Correlazioni con sanscrito `ohati`,,,,3,1,
82,vacerra,"palo, tronco",Latino,,,,3,1,
83,vale,"essere forte, valido",Correlato con latino `valere`,,,,3,1,
84,vanva,"vuoto, vano",Correlato con latino `vanus`,,,,5,1,
85,vas,vaso,Correlato con latino `vâs`,,,,3,1,
86,vecene,conquistare,Correlato con latino `vicere`,,,,5,1,
87,aisar,dei / dio,Suetonius,,,aesar... etrusca lingua deus,5,1,
88,aesar,dei / dio,Suetonius,,,aesar... etrusca lingua deus,5,1,
89,ais,dei / dio,Suetonius,,,aesar... etrusca lingua deus,5,1,
90,acaletur,ragazzo,Glossa greca,,,,3,1,
91,acalethur,ragazzo,Glossa greca,,,,3,1,
92,acerra,scatola per incenso,Latino,,,,4,1,
93,acila,"ancella, serva",Latino `ancilla`,,,,3,1,
94,aclxn,"affilato, acuto",Latino `acutum,,,,3,1,
95,alfa,"bianco, brillante",Latino `alba`,,,,3,1,
96,alumnuathe,figlio adottivo,Latino `alumnus`,,,,3,1,
97,balteus,cintura per spada,Romano,,,,4,1,
98,dorsum,"schiena, dorso",Latino,,,,5,1,
99,familia,"famiglia, casa",Latino,,,,5,1,
100,histrio,attore,Latino,,,,5,1,
101,hister,attore,Latino,,,,5,1,
102,iiulathil,"lamentare, piangere",Confronto con latino `ululare`,,,,3,1,
103,iiul,"lamentare, piangere",Confronto con latino `ululare`,,,,3,1,
104,lacerna,mantello,Latino,,,,4,1,
105,lachrimae,lacrime,Latino,,,,3,1,
106,laniena,macelleria,Latino,,,,3,1,
107,lanista,allenatore di gladiatori,Latino,,,,5,1,
108,lanterna,"lampada, torcia",Latino,,,,5,1,
109,lepista,vaso per bere,Latino,,,,3,1,
110,litterae,"scrittura, lettere",Latino via etrusco,,,,4,1,
111,lua,"ostacolo, dissolutezza",Latino,,,,5,1,
112,ludia,"gladiatrice/attore, gladiatore",Latino,,,,4,1,
113,ludio,"gladiatrice/attore, gladiatore",Latino,,,,4,1,
114,ludus,giochi pubblici,Latino,,,,5,1,
115,"miles, militis",soldato,Latino,,,,2,1,
116,mulier,donna,Latino,,,,2,1,
117,persona,"persona, maschera",Latino,,,,5,1,
118,plumbum,piombo,Latino,,,,2,1,
119,pômum,"mela, frutto",Latino,,,,4,1,
120,populus,popolo,Latino,,,,5,1,
121,rosa,rosa,Latino via etrusco,,,,3,1,
122,vacal,"libagione, offerta, augure",Correlazioni con sanscrito `ohati`,,,,3,1,
123,vacil,"libagione, offerta, augure",Correlazioni con sanscrito `ohati`,,,,3,1,
124,vacl,"libagione, offerta, augure",Correlazioni con sanscrito `ohati`,,,,3,1,
125,vacerra,"palo, tronco",Latino,,,,3,1,
126,vale,"essere forte, valido",Correlato con latino `valere`,,,,3,1,
127,vanva,"vuoto, vano",Correlato con latino `vanus`,,,,5,1,
128,vas,vaso,Correlato con latino `vâs`,,,,3,1,
129,vecene,conquistare,Correlato con latino `vicere`,,,,5,1,
130,aisar,god,Hesychius/Greek,Greek Lexicographical Sources,Hesychius + Suetonius,,4,1,Confidence: 95%
131,histria,actor/performer,Hesychius/Greek,Greek Lexicographical Sources,Livy + Greek sources,,4,1,Confidence: 85%
132,satiru,satyr-figure,Hesychius/Greek,Greek Lexicographical Sources,Greek loan discussion,,3,1,Confidence: 70%
133,larna,urn/sarcophagus,Hesychius/Greek,Greek Lexicographical Sources,Dionysius + inscriptions,,4,1,Confidence: 90%
134,arna,monkey,Hesychius/Greek,Greek Lexicographical Sources,Hesychius,,3,1,Confidence: 75%
